{
  "version": 1,
  "author": "Sabar Pramono",
  "editor": "wokwi",
  "parts": [
    { "type": "board-esp32-devkit-c-v4", "id": "esp", "top": 19.2, "left": -23.96, "attrs": {} },
    { "type": "wokwi-dht22", "id": "dht1", "top": -134.1, "left": -5.4, "attrs": {} }
  ],
  "connections": [
    [ "dht1:VCC", "esp:3V3", "blue", [] ],
    [ "esp:1", "$serialMonitor:RX", "black", [] ],
    [ "esp:3", "$serialMonitor:TX", "black", [] ],
    [ "esp:GND.2", "dht1:GND", "black", [ "v0" ] ],
    [ "esp:2", "dht1:SDA", "green", [ "h28.8", "v-192", "h-86.5" ] ]
  ],
  "dependencies": {}
}